category_id,category_group,category_desc
56aa371be4b08b9a8d5734db,Arts & Culture,Amphitheater
4fceea171983d5d06c3e9823,Entertainment,Aquarium
4bf58dd8d48988d1e1931735,Entertainment,Arcade
4bf58dd8d48988d1e2931735,Arts & Culture,Art Gallery
4bf58dd8d48988d1e4931735,Sports,Bowling Alley
4bf58dd8d48988d17c941735,Entertainment,Casino
52e81612bcbc57f1066b79e7,Entertainment,Circus
4bf58dd8d48988d18e941735,Arts & Culture,Comedy Club
5032792091d4c4b30a586d5c,Arts & Culture,Concert Hall
52e81612bcbc57f1066b79ef,Entertainment,Country Dance Club
52e81612bcbc57f1066b79e8,Entertainment,Disc Golf
56aa371be4b08b9a8d573532,Arts & Culture,Exhibit
4bf58dd8d48988d1f1931735,Entertainment,General Entertainment
52e81612bcbc57f1066b79ea,Entertainment,Go Kart Track
4deefb944765f83613cdba6e,Arts & Culture,Historic Site
5744ccdfe4b0c0459246b4bb,Entertainment,Karaoke Box
52e81612bcbc57f1066b79e6,Entertainment,Laser Tag
5642206c498e4bfca532186c,Arts & Culture,Memorial Site
52e81612bcbc57f1066b79eb,Entertainment,Mini Golf
4bf58dd8d48988d17f941735,Entertainment,Movie Theater
56aa371be4b08b9a8d5734de,Entertainment,Drive-in Theater
4bf58dd8d48988d17e941735,Entertainment,Indie Movie Theater
4bf58dd8d48988d180941735,Entertainment,Multiplex
4bf58dd8d48988d181941735,Arts & Culture,Museum
4bf58dd8d48988d18f941735,Arts & Culture,Art Museum
559acbe0498e472f1a53fa23,Arts & Culture,Erotic Museum
4bf58dd8d48988d190941735,Arts & Culture,History Museum
4bf58dd8d48988d192941735,Arts & Culture,Planetarium
4bf58dd8d48988d191941735,Arts & Culture,Science Museum
4bf58dd8d48988d1e5931735,Entertainment,Music Venue
4bf58dd8d48988d1e7931735,Entertainment,Jazz Club
4bf58dd8d48988d1e8931735,Entertainment,Piano Bar
4bf58dd8d48988d1e9931735,Entertainment,Rock Club
4bf58dd8d48988d1f2931735,Arts & Culture,Performing Arts Venue
4bf58dd8d48988d134941735,Arts & Culture,Dance Studio
4bf58dd8d48988d135941735,Arts & Culture,Indie Theater
4bf58dd8d48988d136941735,Arts & Culture,Opera House
4bf58dd8d48988d137941735,Arts & Culture,Theater
4bf58dd8d48988d1e3931735,Entertainment,Pool Hall
507c8c4091d498d9fc8c67a9,Arts & Culture,Public Art
52e81612bcbc57f1066b79ed,Arts & Culture,Outdoor Sculpture
52e81612bcbc57f1066b79ee,Arts & Culture,Street Art
56aa371be4b08b9a8d573514,Sports,Racecourse
4bf58dd8d48988d1f4931735,Sports,Racetrack
52e81612bcbc57f1066b79e9,Sports,Roller Rink
52e81612bcbc57f1066b79ec,Entertainment,Salsa Club
56aa371be4b08b9a8d5734f9,Entertainment,Samba School
4bf58dd8d48988d184941735,Sports,Stadium
4bf58dd8d48988d18c941735,Sports,Baseball Stadium
4bf58dd8d48988d18b941735,Sports,Basketball Stadium
4bf58dd8d48988d18a941735,Sports,Cricket Ground
4bf58dd8d48988d189941735,Sports,Football Stadium
4bf58dd8d48988d185941735,Sports,Hockey Arena
56aa371be4b08b9a8d573556,Sports,Rugby Stadium
4bf58dd8d48988d188941735,Sports,Soccer Stadium
4e39a891bd410d7aed40cbc2,Sports,Tennis Stadium
4bf58dd8d48988d187941735,Sports,Track Stadium
4bf58dd8d48988d182941735,Entertainment,Theme Park
5109983191d435c0d71c2bb1,Entertainment,Theme Park Ride / Attraction
56aa371be4b08b9a8d573520,Shopping,Tour Provider
4bf58dd8d48988d193941735,Entertainment,Water Park
4bf58dd8d48988d17b941735,Entertainment,Zoo
58daa1558bbb0b01f18ec1fd,Entertainment,Zoo Exhibit
4d4b7105d754a06374d81259,Food,Food
503288ae91d4c4b30a586d67,Food,Afghan Restaurant
4bf58dd8d48988d1c8941735,Food,African Restaurant
4bf58dd8d48988d10a941735,Food,Ethiopian Restaurant
4bf58dd8d48988d14e941735,Food,American Restaurant
4bf58dd8d48988d157941735,Food,New American Restaurant
4bf58dd8d48988d142941735,Food,Asian Restaurant
56aa371be4b08b9a8d573568,Food,Burmese Restaurant
52e81612bcbc57f1066b7a03,Food,Cambodian Restaurant
4bf58dd8d48988d145941735,Food,Chinese Restaurant
52af3a5e3cf9994f4e043bea,Food,Anhui Restaurant
52af3a723cf9994f4e043bec,Food,Beijing Restaurant
52af3a7c3cf9994f4e043bed,Food,Cantonese Restaurant
58daa1558bbb0b01f18ec1d3,Food,Cha Chaan Teng
52af3a673cf9994f4e043beb,Food,Chinese Aristocrat Restaurant
52af3a903cf9994f4e043bee,Food,Chinese Breakfast Place
4bf58dd8d48988d1f5931735,Food,Dim Sum Restaurant
52af3a9f3cf9994f4e043bef,Food,Dongbei Restaurant
52af3aaa3cf9994f4e043bf0,Food,Fujian Restaurant
52af3ab53cf9994f4e043bf1,Food,Guizhou Restaurant
52af3abe3cf9994f4e043bf2,Food,Hainan Restaurant
52af3ac83cf9994f4e043bf3,Food,Hakka Restaurant
52af3ad23cf9994f4e043bf4,Food,Henan Restaurant
52af3add3cf9994f4e043bf5,Food,Hong Kong Restaurant
52af3af23cf9994f4e043bf7,Food,Huaiyang Restaurant
52af3ae63cf9994f4e043bf6,Food,Hubei Restaurant
52af3afc3cf9994f4e043bf8,Food,Hunan Restaurant
52af3b053cf9994f4e043bf9,Food,Imperial Restaurant
52af3b213cf9994f4e043bfa,Food,Jiangsu Restaurant
52af3b293cf9994f4e043bfb,Food,Jiangxi Restaurant
52af3b343cf9994f4e043bfc,Food,Macanese Restaurant
52af3b3b3cf9994f4e043bfd,Food,Manchu Restaurant
52af3b463cf9994f4e043bfe,Food,Peking Duck Restaurant
52af3b633cf9994f4e043c01,Food,Shaanxi Restaurant
52af3b513cf9994f4e043bff,Food,Shandong Restaurant
52af3b593cf9994f4e043c00,Food,Shanghai Restaurant
52af3b6e3cf9994f4e043c02,Food,Shanxi Restaurant
52af3b773cf9994f4e043c03,Food,Szechuan Restaurant
52af3b813cf9994f4e043c04,Food,Taiwanese Restaurant
52af3b893cf9994f4e043c05,Food,Tianjin Restaurant
52af3b913cf9994f4e043c06,Food,Xinjiang Restaurant
52af3b9a3cf9994f4e043c07,Food,Yunnan Restaurant
52af3ba23cf9994f4e043c08,Food,Zhejiang Restaurant
4eb1bd1c3b7b55596b4a748f,Food,Filipino Restaurant
52e81612bcbc57f1066b79fb,Food,Himalayan Restaurant
52af0bd33cf9994f4e043bdd,Food,Hotpot Restaurant
4deefc054765f83613cdba6f,Food,Indonesian Restaurant
52960eda3cf9994f4e043ac9,Food,Acehnese Restaurant
52960eda3cf9994f4e043acb,Food,Balinese Restaurant
52960eda3cf9994f4e043aca,Food,Betawinese Restaurant
52960eda3cf9994f4e043acc,Food,Indonesian Meatball Place
52960eda3cf9994f4e043ac7,Food,Javanese Restaurant
52960eda3cf9994f4e043ac8,Food,Manadonese Restaurant
52960eda3cf9994f4e043ac5,Food,Padangnese Restaurant
52960eda3cf9994f4e043ac6,Food,Sundanese Restaurant
4bf58dd8d48988d111941735,Food,Japanese Restaurant
55a59bace4b013909087cb0c,Food,Donburi Restaurant
55a59bace4b013909087cb30,Food,Japanese Curry Restaurant
55a59bace4b013909087cb21,Food,Kaiseki Restaurant
55a59bace4b013909087cb06,Food,Kushikatsu Restaurant
55a59bace4b013909087cb1b,Food,Monjayaki Restaurant
55a59bace4b013909087cb1e,Food,Nabe Restaurant
55a59bace4b013909087cb18,Food,Okonomiyaki Restaurant
55a59bace4b013909087cb24,Food,Ramen Restaurant
55a59bace4b013909087cb15,Food,Shabu-Shabu Restaurant
55a59bace4b013909087cb27,Food,Soba Restaurant
55a59bace4b013909087cb12,Food,Sukiyaki Restaurant
4bf58dd8d48988d1d2941735,Food,Sushi Restaurant
55a59bace4b013909087cb2d,Food,Takoyaki Place
55a59a31e4b013909087cb00,Food,Tempura Restaurant
55a59af1e4b013909087cb03,Food,Tonkatsu Restaurant
55a59bace4b013909087cb2a,Food,Udon Restaurant
55a59bace4b013909087cb0f,Food,Unagi Restaurant
55a59bace4b013909087cb33,Food,Wagashi Place
55a59bace4b013909087cb09,Food,Yakitori Restaurant
55a59bace4b013909087cb36,Food,Yoshoku Restaurant
4bf58dd8d48988d113941735,Food,Korean Restaurant
56aa371be4b08b9a8d5734e4,Food,Bossam/Jokbal Restaurant
56aa371be4b08b9a8d5734f0,Food,Bunsik Restaurant
56aa371be4b08b9a8d5734e7,Food,Gukbap Restaurant
56aa371be4b08b9a8d5734ed,Food,Janguh Restaurant
56aa371be4b08b9a8d5734ea,Food,Samgyetang Restaurant
4bf58dd8d48988d156941735,Food,Malay Restaurant
5ae9595eb77c77002c2f9f26,Food,Mamak Restaurant
4eb1d5724b900d56c88a45fe,Food,Mongolian Restaurant
4bf58dd8d48988d1d1941735,Food,Noodle House
56aa371be4b08b9a8d57350e,Food,Satay Restaurant
4bf58dd8d48988d149941735,Food,Thai Restaurant
56aa371be4b08b9a8d573502,Food,Som Tum Restaurant
52af39fb3cf9994f4e043be9,Food,Tibetan Restaurant
4bf58dd8d48988d14a941735,Food,Vietnamese Restaurant
4bf58dd8d48988d169941735,Food,Australian Restaurant
52e81612bcbc57f1066b7a01,Food,Austrian Restaurant
4bf58dd8d48988d1df931735,Food,BBQ Joint
4bf58dd8d48988d179941735,Food,Bagel Shop
4bf58dd8d48988d16a941735,Food,Bakery
52e81612bcbc57f1066b7a02,Food,Belgian Restaurant
52e81612bcbc57f1066b79f1,Food,Bistro
4bf58dd8d48988d143941735,Food,Breakfast Spot
52e81612bcbc57f1066b7a0c,Food,Bubble Tea Shop
52e81612bcbc57f1066b79f4,Food,Buffet
4bf58dd8d48988d16c941735,Food,Burger Joint
4bf58dd8d48988d128941735,Food,Cafeteria
4bf58dd8d48988d16d941735,Food,Café
4bf58dd8d48988d17a941735,Food,Cajun / Creole Restaurant
4bf58dd8d48988d144941735,Food,Caribbean Restaurant
4bf58dd8d48988d154941735,Food,Cuban Restaurant
5293a7d53cf9994f4e043a45,Food,Caucasian Restaurant
4bf58dd8d48988d1e0931735,Food,Coffee Shop
52e81612bcbc57f1066b7a00,Food,Comfort Food Restaurant
52e81612bcbc57f1066b79f2,Food,Creperie
52f2ae52bcbc57f1066b8b81,Food,Czech Restaurant
4bf58dd8d48988d146941735,Food,Deli / Bodega
4bf58dd8d48988d1d0941735,Food,Dessert Shop
4bf58dd8d48988d1bc941735,Food,Cupcake Shop
512e7cae91d4cbb4e5efe0af,Food,Frozen Yogurt Shop
4bf58dd8d48988d1c9941735,Food,Ice Cream Shop
5744ccdfe4b0c0459246b4e2,Food,Pastry Shop
52e81612bcbc57f1066b7a0a,Food,Pie Shop
4bf58dd8d48988d147941735,Food,Diner
4bf58dd8d48988d148941735,Food,Donut Shop
4bf58dd8d48988d108941735,Food,Dumpling Restaurant
5744ccdfe4b0c0459246b4d0,Food,Dutch Restaurant
4bf58dd8d48988d109941735,Food,Eastern European Restaurant
52e928d0bcbc57f1066b7e97,Food,Belarusian Restaurant
58daa1558bbb0b01f18ec1ee,Food,Bosnian Restaurant
56aa371be4b08b9a8d5734f3,Food,Bulgarian Restaurant
52960bac3cf9994f4e043ac4,Food,Romanian Restaurant
52e928d0bcbc57f1066b7e98,Food,Tatar Restaurant
52e81612bcbc57f1066b7a05,Food,English Restaurant
4bf58dd8d48988d10b941735,Food,Falafel Restaurant
4bf58dd8d48988d16e941735,Food,Fast Food Restaurant
4edd64a0c7ddd24ca188df1a,Food,Fish & Chips Shop
52e81612bcbc57f1066b7a09,Food,Fondue Restaurant
4bf58dd8d48988d120951735,Food,Food Court
56aa371be4b08b9a8d57350b,Food,Food Stand
4bf58dd8d48988d1cb941735,Food,Food Truck
4bf58dd8d48988d10c941735,Food,French Restaurant
57558b36e4b065ecebd306b6,Food,Alsatian Restaurant
57558b36e4b065ecebd306b8,Food,Auvergne Restaurant
57558b36e4b065ecebd306bc,Food,Basque Restaurant
57558b36e4b065ecebd306b0,Food,Brasserie
57558b36e4b065ecebd306c5,Food,Breton Restaurant
57558b36e4b065ecebd306c0,Food,Burgundian Restaurant
57558b36e4b065ecebd306cb,Food,Catalan Restaurant
57558b36e4b065ecebd306ce,Food,Ch'ti Restaurant
57558b36e4b065ecebd306d1,Food,Corsican Restaurant
57558b36e4b065ecebd306b4,Food,Estaminet
57558b36e4b065ecebd306b2,Food,Labour Canteen
57558b35e4b065ecebd306ad,Food,Lyonese Bouchon
57558b36e4b065ecebd306d4,Food,Norman Restaurant
57558b36e4b065ecebd306d7,Food,Provençal Restaurant
57558b36e4b065ecebd306da,Food,Savoyard Restaurant
57558b36e4b065ecebd306ba,Food,Southwestern French Restaurant
4d4ae6fc7a7b7dea34424761,Food,Fried Chicken Joint
55d25775498e9f6a0816a37a,Food,Friterie
4bf58dd8d48988d155941735,Food,Gastropub
4bf58dd8d48988d10d941735,Food,German Restaurant
56aa371ce4b08b9a8d573583,Food,Apple Wine Pub
56aa371ce4b08b9a8d573572,Food,Bavarian Restaurant
56aa371ce4b08b9a8d57358e,Food,Bratwurst Joint
56aa371ce4b08b9a8d57358b,Food,Currywurst Joint
56aa371ce4b08b9a8d573574,Food,Franconian Restaurant
56aa371ce4b08b9a8d573592,Food,German Pop-Up Restaurant
56aa371ce4b08b9a8d573578,Food,Palatine Restaurant
56aa371ce4b08b9a8d57357b,Food,Rhenisch Restaurant
56aa371ce4b08b9a8d573587,Food,Schnitzel Restaurant
56aa371ce4b08b9a8d57357f,Food,Silesian Restaurant
56aa371ce4b08b9a8d573576,Food,Swabian Restaurant
4c2cd86ed066bed06c3c5209,Food,Gluten-free Restaurant
4bf58dd8d48988d10e941735,Food,Greek Restaurant
53d6c1b0e4b02351e88a83e8,Food,Bougatsa Shop
53d6c1b0e4b02351e88a83e2,Food,Cretan Restaurant
53d6c1b0e4b02351e88a83d8,Food,Fish Taverna
53d6c1b0e4b02351e88a83d6,Food,Grilled Meat Restaurant
53d6c1b0e4b02351e88a83e6,Food,Kafenio
53d6c1b0e4b02351e88a83e4,Food,Magirio
53d6c1b0e4b02351e88a83da,Food,Meze Restaurant
53d6c1b0e4b02351e88a83d4,Food,Modern Greek Restaurant
53d6c1b0e4b02351e88a83dc,Food,Ouzeri
53d6c1b0e4b02351e88a83e0,Food,Patsa Restaurant
52e81612bcbc57f1066b79f3,Food,Souvlaki Shop
53d6c1b0e4b02351e88a83d2,Food,Taverna
53d6c1b0e4b02351e88a83de,Food,Tsipouro Restaurant
52e81612bcbc57f1066b79ff,Food,Halal Restaurant
52e81612bcbc57f1066b79fe,Food,Hawaiian Restaurant
5bae9231bedf3950379f89d4,Food,Poke Place
4bf58dd8d48988d16f941735,Food,Hot Dog Joint
52e81612bcbc57f1066b79fa,Food,Hungarian Restaurant
4bf58dd8d48988d10f941735,Food,Indian Restaurant
54135bf5e4b08f3d2429dfe5,Food,Andhra Restaurant
54135bf5e4b08f3d2429dff3,Food,Awadhi Restaurant
54135bf5e4b08f3d2429dff5,Food,Bengali Restaurant
54135bf5e4b08f3d2429dfe2,Food,Chaat Place
54135bf5e4b08f3d2429dff2,Food,Chettinad Restaurant
54135bf5e4b08f3d2429dfe1,Food,Dhaba
54135bf5e4b08f3d2429dfe3,Food,Dosa Place
54135bf5e4b08f3d2429dfe8,Food,Goan Restaurant
54135bf5e4b08f3d2429dfe9,Food,Gujarati Restaurant
54135bf5e4b08f3d2429dfe6,Food,Hyderabadi Restaurant
54135bf5e4b08f3d2429dfdf,Food,Indian Chinese Restaurant
54135bf5e4b08f3d2429dfe4,Food,Indian Sweet Shop
54135bf5e4b08f3d2429dfe7,Food,Irani Cafe
54135bf5e4b08f3d2429dfea,Food,Jain Restaurant
54135bf5e4b08f3d2429dfeb,Food,Karnataka Restaurant
54135bf5e4b08f3d2429dfed,Food,Kerala Restaurant
54135bf5e4b08f3d2429dfee,Food,Maharashtrian Restaurant
54135bf5e4b08f3d2429dff4,Food,Mughlai Restaurant
54135bf5e4b08f3d2429dfe0,Food,Multicuisine Indian Restaurant
54135bf5e4b08f3d2429dfdd,Food,North Indian Restaurant
54135bf5e4b08f3d2429dff6,Food,Northeast Indian Restaurant
54135bf5e4b08f3d2429dfef,Food,Parsi Restaurant
54135bf5e4b08f3d2429dff0,Food,Punjabi Restaurant
54135bf5e4b08f3d2429dff1,Food,Rajasthani Restaurant
54135bf5e4b08f3d2429dfde,Food,South Indian Restaurant
54135bf5e4b08f3d2429dfec,Food,Udupi Restaurant
52e81612bcbc57f1066b7a06,Food,Irish Pub
4bf58dd8d48988d110941735,Food,Italian Restaurant
55a5a1ebe4b013909087cbb6,Food,Abruzzo Restaurant
55a5a1ebe4b013909087cb7c,Food,Agriturismo
55a5a1ebe4b013909087cba7,Food,Aosta Restaurant
55a5a1ebe4b013909087cba1,Food,Basilicata Restaurant
55a5a1ebe4b013909087cba4,Food,Calabria Restaurant
55a5a1ebe4b013909087cb95,Food,Campanian Restaurant
55a5a1ebe4b013909087cb89,Food,Emilia Restaurant
55a5a1ebe4b013909087cb9b,Food,Friuli Restaurant
55a5a1ebe4b013909087cb98,Food,Ligurian Restaurant
55a5a1ebe4b013909087cbbf,Food,Lombard Restaurant
55a5a1ebe4b013909087cb79,Food,Malga
55a5a1ebe4b013909087cbb0,Food,Marche Restaurant
55a5a1ebe4b013909087cbb3,Food,Molise Restaurant
55a5a1ebe4b013909087cb74,Food,Piadineria
55a5a1ebe4b013909087cbaa,Food,Piedmontese Restaurant
55a5a1ebe4b013909087cb83,Food,Puglia Restaurant
55a5a1ebe4b013909087cb8c,Food,Romagna Restaurant
55a5a1ebe4b013909087cb92,Food,Roman Restaurant
55a5a1ebe4b013909087cb8f,Food,Sardinian Restaurant
55a5a1ebe4b013909087cb86,Food,Sicilian Restaurant
55a5a1ebe4b013909087cbb9,Food,South Tyrolean Restaurant
55a5a1ebe4b013909087cb7f,Food,Trattoria/Osteria
55a5a1ebe4b013909087cbbc,Food,Trentino Restaurant
55a5a1ebe4b013909087cb9e,Food,Tuscan Restaurant
55a5a1ebe4b013909087cbc2,Food,Umbrian Restaurant
55a5a1ebe4b013909087cbad,Food,Veneto Restaurant
52e81612bcbc57f1066b79fd,Food,Jewish Restaurant
52e81612bcbc57f1066b79fc,Food,Kosher Restaurant
4bf58dd8d48988d112941735,Food,Juice Bar
5283c7b4e4b094cb91ec88d7,Food,Kebab Restaurant
4bf58dd8d48988d1be941735,Food,Latin American Restaurant
4bf58dd8d48988d152941735,Food,Arepa Restaurant
52939a8c3cf9994f4e043a35,Food,Empanada Restaurant
5745c7ac498e5d0483112fdb,Food,Salvadoran Restaurant
4bf58dd8d48988d1cd941735,Food,South American Restaurant
4bf58dd8d48988d107941735,Food,Argentinian Restaurant
4bf58dd8d48988d16b941735,Food,Brazilian Restaurant
5294c7523cf9994f4e043a62,Food,Acai House
52939ae13cf9994f4e043a3b,Food,Baiano Restaurant
52939a9e3cf9994f4e043a36,Food,Central Brazilian Restaurant
52939a643cf9994f4e043a33,Food,Churrascaria
5294c55c3cf9994f4e043a61,Food,Empada House
52939af83cf9994f4e043a3d,Food,Goiano Restaurant
52939aed3cf9994f4e043a3c,Food,Mineiro Restaurant
52939aae3cf9994f4e043a37,Food,Northeastern Brazilian Restaurant
52939ab93cf9994f4e043a38,Food,Northern Brazilian Restaurant
5294cbda3cf9994f4e043a63,Food,Pastelaria
52939ac53cf9994f4e043a39,Food,Southeastern Brazilian Restaurant
52939ad03cf9994f4e043a3a,Food,Southern Brazilian Restaurant
52939a7d3cf9994f4e043a34,Food,Tapiocaria
58daa1558bbb0b01f18ec1f4,Food,Colombian Restaurant
4eb1bfa43b7b52c0e1adc2e8,Food,Peruvian Restaurant
56aa371be4b08b9a8d573558,Food,Venezuelan Restaurant
4bf58dd8d48988d1bf941735,Food,Mac & Cheese Joint
4bf58dd8d48988d1c0941735,Food,Mediterranean Restaurant
4bf58dd8d48988d1c3941735,Food,Moroccan Restaurant
4bf58dd8d48988d1c1941735,Food,Mexican Restaurant
58daa1558bbb0b01f18ec1d9,Food,Botanero
4bf58dd8d48988d153941735,Food,Burrito Place
4bf58dd8d48988d151941735,Food,Taco Place
56aa371ae4b08b9a8d5734ba,Food,Tex-Mex Restaurant
5744ccdfe4b0c0459246b4d3,Food,Yucatecan Restaurant
4bf58dd8d48988d115941735,Food,Middle Eastern Restaurant
5bae9231bedf3950379f89e1,Food,Egyptian Restaurant
5bae9231bedf3950379f89e7,Food,Iraqi Restaurant
56aa371be4b08b9a8d573529,Food,Israeli Restaurant
5744ccdfe4b0c0459246b4ca,Food,Kurdish Restaurant
58daa1558bbb0b01f18ec1cd,Food,Lebanese Restaurant
52e81612bcbc57f1066b79f7,Food,Persian Restaurant
58daa1558bbb0b01f18ec1bc,Food,Ash and Haleem Place
58daa1558bbb0b01f18ec1c0,Food,Dizi Place
58daa1558bbb0b01f18ec1c4,Food,Gilaki Restaurant
58daa1558bbb0b01f18ec1c7,Food,Jegaraki
5744ccdfe4b0c0459246b4a8,Food,Tabbakhi
5bae9231bedf3950379f89e4,Food,Shawarma Place
5bae9231bedf3950379f89da,Food,Syrian Restaurant
5bae9231bedf3950379f89ea,Food,Yemeni Restaurant
52e81612bcbc57f1066b79f9,Food,Modern European Restaurant
4bf58dd8d48988d1c2941735,Food,Molecular Gastronomy Restaurant
52e81612bcbc57f1066b79f8,Food,Pakistani Restaurant
56aa371be4b08b9a8d573508,Food,Pet Café
4bf58dd8d48988d1ca941735,Food,Pizza Place
52e81612bcbc57f1066b7a04,Food,Polish Restaurant
4def73e84765ae376e57713a,Food,Portuguese Restaurant
56aa371be4b08b9a8d5734c7,Food,Poutine Place
4bf58dd8d48988d1c4941735,Food,Restaurant
5293a7563cf9994f4e043a44,Food,Russian Restaurant
52e928d0bcbc57f1066b7e9d,Food,Blini House
52e928d0bcbc57f1066b7e9c,Food,Pelmeni House
4bf58dd8d48988d1bd941735,Food,Salad Place
4bf58dd8d48988d1c5941735,Food,Sandwich Place
4bf58dd8d48988d1c6941735,Food,Scandinavian Restaurant
5744ccdde4b0c0459246b4a3,Food,Scottish Restaurant
4bf58dd8d48988d1ce941735,Food,Seafood Restaurant
56aa371be4b08b9a8d57355a,Food,Slovak Restaurant
4bf58dd8d48988d1c7941735,Food,Snack Place
4bf58dd8d48988d1dd931735,Food,Soup Place
4bf58dd8d48988d14f941735,Food,Southern / Soul Food Restaurant
4bf58dd8d48988d150941735,Food,Spanish Restaurant
4bf58dd8d48988d14d941735,Food,Paella Restaurant
4bf58dd8d48988d1db931735,Food,Tapas Restaurant
5413605de4b0ae91d18581a9,Food,Sri Lankan Restaurant
4bf58dd8d48988d1cc941735,Food,Steakhouse
4bf58dd8d48988d158941735,Food,Swiss Restaurant
4bf58dd8d48988d1dc931735,Food,Tea Room
56aa371be4b08b9a8d573538,Food,Theme Restaurant
57558b36e4b065ecebd306dd,Food,Truck Stop
4f04af1f2fb6e1c99f3db0bb,Food,Turkish Restaurant
530faca9bcbc57f1066bc2f3,Food,Borek Place
530faca9bcbc57f1066bc2f4,Food,Cigkofte Place
5283c7b4e4b094cb91ec88d8,Food,Doner Restaurant
5283c7b4e4b094cb91ec88d9,Food,Gozleme Place
5283c7b4e4b094cb91ec88db,Food,Kofte Place
5283c7b4e4b094cb91ec88d6,Food,Kokoreç Restaurant
56aa371be4b08b9a8d573535,Food,Kumpir Restaurant
56aa371be4b08b9a8d5734bd,Food,Kumru Restaurant
5283c7b4e4b094cb91ec88d5,Food,Manti Place
5283c7b4e4b094cb91ec88da,Food,Meyhane
530faca9bcbc57f1066bc2f2,Food,Pide Place
58daa1558bbb0b01f18ec1df,Food,Pilavcı
58daa1558bbb0b01f18ec1dc,Food,Söğüş Place
56aa371be4b08b9a8d5734bf,Food,Tantuni Restaurant
56aa371be4b08b9a8d5734c1,Food,Turkish Coffeehouse
5283c7b4e4b094cb91ec88d4,Food,Turkish Home Cooking Restaurant
58daa1558bbb0b01f18ec1e2,Food,Çöp Şiş Place
52e928d0bcbc57f1066b7e96,Food,Ukrainian Restaurant
52e928d0bcbc57f1066b7e9a,Food,Varenyky restaurant
52e928d0bcbc57f1066b7e9b,Food,West-Ukrainian Restaurant
4bf58dd8d48988d1d3941735,Food,Vegetarian / Vegan Restaurant
4bf58dd8d48988d14c941735,Food,Wings Joint
4d4b7105d754a06376d81259,Night Life,Nightlife Spot
4bf58dd8d48988d116941735,Night Life,Bar
52e81612bcbc57f1066b7a0d,Night Life,Beach Bar
56aa371ce4b08b9a8d57356c,Night Life,Beer Bar
4bf58dd8d48988d117941735,Night Life,Beer Garden
52e81612bcbc57f1066b7a0e,Night Life,Champagne Bar
4bf58dd8d48988d11e941735,Night Life,Cocktail Bar
4bf58dd8d48988d118941735,Night Life,Dive Bar
4bf58dd8d48988d1d8941735,Night Life,Gay Bar
4bf58dd8d48988d119941735,Night Life,Hookah Bar
4bf58dd8d48988d1d5941735,Night Life,Hotel Bar
4bf58dd8d48988d120941735,Night Life,Karaoke Bar
4bf58dd8d48988d11b941735,Night Life,Pub
4bf58dd8d48988d11c941735,Night Life,Sake Bar
4bf58dd8d48988d1d4941735,Night Life,Speakeasy
4bf58dd8d48988d11d941735,Night Life,Sports Bar
56aa371be4b08b9a8d57354d,Night Life,Tiki Bar
4bf58dd8d48988d122941735,Night Life,Whisky Bar
4bf58dd8d48988d123941735,Night Life,Wine Bar
50327c8591d4c4b30a586d5d,Night Life,Brewery
4bf58dd8d48988d121941735,Night Life,Lounge
53e510b7498ebcb1801b55d4,Night Life,Night Market
4bf58dd8d48988d11f941735,Night Life,Nightclub
4bf58dd8d48988d11a941735,Night Life,Other Nightlife
4bf58dd8d48988d1d6941735,Night Life,Strip Club
4f4528bc4b90abdf24c9de85,Sports,Athletics & Sports
52e81612bcbc57f1066b7a2b,Sports,Badminton Court
4bf58dd8d48988d1e8941735,Sports,Baseball Field
4bf58dd8d48988d1e1941735,Sports,Basketball Court
52e81612bcbc57f1066b7a2f,Sports,Bowling Green
56aa371be4b08b9a8d57351a,Sports,Curling Ice
4bf58dd8d48988d1e6941735,Sports,Golf Course
58daa1558bbb0b01f18ec1b0,Sports,Golf Driving Range
4bf58dd8d48988d175941735,Sports,Gym / Fitness Center
52f2ab2ebcbc57f1066b8b47,Sports,Boxing Gym
503289d391d4c4b30a586d6a,Sports,Climbing Gym
52f2ab2ebcbc57f1066b8b49,Sports,Cycle Studio
4bf58dd8d48988d105941735,Sports,Gym Pool
52f2ab2ebcbc57f1066b8b48,Sports,Gymnastics Gym
4bf58dd8d48988d176941735,Sports,Gym
4bf58dd8d48988d101941735,Sports,Martial Arts Dojo
58daa1558bbb0b01f18ec203,Sports,Outdoor Gym
5744ccdfe4b0c0459246b4b2,Sports,Pilates Studio
4bf58dd8d48988d106941735,Sports,Track
590a0744340a5803fd8508c3,Sports,Weight Loss Center
4bf58dd8d48988d102941735,Sports,Yoga Studio
4f452cd44b9081a197eba860,Sports,Hockey Field
56aa371be4b08b9a8d57352c,Sports,Hockey Rink
5032829591d4c4b30a586d5e,Sports,Paintball Field
52e81612bcbc57f1066b7a2c,Sports,Rugby Pitch
4bf58dd8d48988d167941735,Sports,Skate Park
4bf58dd8d48988d168941735,Sports,Skating Rink
4cce455aebf7b749d5e191f5,Sports,Soccer Field
52e81612bcbc57f1066b7a2e,Sports,Sports Club
52e81612bcbc57f1066b7a2d,Sports,Squash Court
4e39a956bd410d7aed40cbc3,Sports,Tennis Court
4eb1bf013b7b6f98df247e07,Sports,Volleyball Court
52e81612bcbc57f1066b7a28,Entertainment,Bathing Area
56aa371be4b08b9a8d573544,Nature,Bay
4bf58dd8d48988d1e2941735,Nature,Beach
52e81612bcbc57f1066b7a30,Nature,Nudist Beach
4bf58dd8d48988d1e3941735,Sports,Surf Spot
56aa371be4b08b9a8d57355e,Sports,Bike Trail
52e81612bcbc57f1066b7a22,Nature,Botanical Garden
4bf58dd8d48988d1e4941735,Nature,Campground
50aaa49e4b90af0d42d5de11,Arts & Culture,Castle
56aa371be4b08b9a8d573511,Nature,Cave
52e81612bcbc57f1066b7a12,Entertainment,Dive Spot
4bf58dd8d48988d1e5941735,Entertainment,Dog Run
4bf58dd8d48988d15b941735,Nature,Farm
4bf58dd8d48988d15f941735,Nature,Field
52e81612bcbc57f1066b7a0f,Nature,Fishing Spot
52e81612bcbc57f1066b7a23,Nature,Forest
56aa371be4b08b9a8d573547,Nature,Fountain
4bf58dd8d48988d15a941735,Nature,Garden
52e81612bcbc57f1066b7a11,Sports,Gun Range
4bf58dd8d48988d1e0941735,Entertainment,Harbor / Marina
5bae9231bedf3950379f89cd,Nature,Hill
4bf58dd8d48988d160941735,Nature,Hot Spring
5744ccdfe4b0c0459246b4b5,Entertainment,Indoor Play Area
50aaa4314b90af0d42d5de10,Nature,Island
4bf58dd8d48988d161941735,Nature,Lake
4bf58dd8d48988d15d941735,Nature,Lighthouse
55a5a1ebe4b013909087cb77,Nature,Mountain Hut
4eb1d4d54b900d56c88a45fc,Nature,Mountain
52e81612bcbc57f1066b7a21,Nature,National Park
52e81612bcbc57f1066b7a13,Nature,Nature Preserve
4bf58dd8d48988d162941735,Nature,Other Great Outdoors
52e81612bcbc57f1066b7a14,Arts & Culture,Palace
4bf58dd8d48988d163941735,Nature,Park
52e81612bcbc57f1066b7a25,Entertainment,Pedestrian Plaza
4bf58dd8d48988d1e7941735,Entertainment,Playground
4bf58dd8d48988d164941735,Entertainment,Plaza
4bf58dd8d48988d15e941735,Entertainment,Pool
52e81612bcbc57f1066b7a29,Entertainment,Rafting
52e81612bcbc57f1066b7a26,Entertainment,Recreation Center
56aa371be4b08b9a8d573541,Nature,Reservoir
4eb1d4dd4b900d56c88a45fd,Nature,River
50328a4b91d4c4b30a586d6b,Nature,Rock Climbing Spot
4bf58dd8d48988d133951735,Nature,Roof Deck
4bf58dd8d48988d165941735,Nature,Scenic Lookout
4bf58dd8d48988d166941735,Arts & Culture,Sculpture Garden
4bf58dd8d48988d1e9941735,Sports,Ski Area
4bf58dd8d48988d1ea941735,Sports,Apres Ski Bar
4eb1c0ed3b7b52c0e1adc2ea,Sports,Ski Chairlift
4bf58dd8d48988d1ec941735,Sports,Ski Chalet
4bf58dd8d48988d1eb941735,Sports,Ski Lodge
4eb1c0f63b7b52c0e1adc2eb,Sports,Ski Trail
58daa1558bbb0b01f18ec1b9,Sports,Skydiving Drop Zone
4eb1baf03b7b2c5b1d4306ca,Nature,Stables
5bae9231bedf3950379f89d0,Nature,State / Provincial Park
52e81612bcbc57f1066b7a10,Nature,Summer Camp
4bf58dd8d48988d159941735,Nature,Trail
52e81612bcbc57f1066b7a24,Nature,Tree
4bf58dd8d48988d1de941735,Nature,Vineyard
5032848691d4c4b30a586d61,Nature,Volcano
56aa371be4b08b9a8d573560,Nature,Waterfall
56aa371be4b08b9a8d5734c3,Nature,Waterfront
4fbc1be21983fc883593e321,Nature,Well
5bae9231bedf3950379f89c7,Nature,Windmill
4d4b7105d754a06378d81259,Shopping,Shop & Service
52f2ab2ebcbc57f1066b8b56,Shopping,ATM
5267e446e4b0ec79466e48c4,Shopping,Adult Boutique
4bf58dd8d48988d116951735,Shopping,Antique Shop
4bf58dd8d48988d127951735,Shopping,Arts & Crafts Store
52f2ab2ebcbc57f1066b8b43,Shopping,Astrologer
4eb1c1623b7b52c0e1adc2ec,Shopping,Auto Dealership
52f2ab2ebcbc57f1066b8b44,Shopping,Auto Garage
56aa371be4b08b9a8d5734d3,Shopping,Auto Workshop
4bf58dd8d48988d124951735,Shopping,Automotive Shop
52f2ab2ebcbc57f1066b8b32,Shopping,Baby Store
4bf58dd8d48988d10a951735,Shopping,Bank
52e81612bcbc57f1066b7a27,Shopping,Bath House
56aa371be4b08b9a8d5734cb,Shopping,Batik Shop
52f2ab2ebcbc57f1066b8b40,Shopping,Betting Shop
52f2ab2ebcbc57f1066b8b42,Shopping,Big Box Store
4bf58dd8d48988d115951735,Shopping,Bike Shop
4bf58dd8d48988d1f1941735,Shopping,Board Shop
4bf58dd8d48988d114951735,Shopping,Bookstore
4bf58dd8d48988d11a951735,Shopping,Bridal Shop
5453de49498eade8af355881,Shopping,Business Service
4eb1bdf03b7b55596b4a7491,Shopping,Camera Store
4bf58dd8d48988d117951735,Shopping,Candy Store
4f04ae1f2fb6e1c99f3db0ba,Shopping,Car Wash
52f2ab2ebcbc57f1066b8b2a,Shopping,Carpet Store
52f2ab2ebcbc57f1066b8b2d,Shopping,Check Cashing Service
5744ccdfe4b0c0459246b4c7,Shopping,Child Care Service
4f4532974b9074f6e4fb0104,Shopping,Daycare
52f2ab2ebcbc57f1066b8b31,Shopping,Chocolate Shop
4bf58dd8d48988d103951735,Shopping,Clothing Store
4bf58dd8d48988d102951735,Shopping,Accessories Store
4bf58dd8d48988d104951735,Shopping,Boutique
4bf58dd8d48988d105951735,Shopping,Kids Store
4bf58dd8d48988d109951735,Shopping,Lingerie Store
4bf58dd8d48988d106951735,Shopping,Men's Store
4bf58dd8d48988d107951735,Shopping,Shoe Store
4bf58dd8d48988d108951735,Shopping,Women's Store
52f2ab2ebcbc57f1066b8b18,Shopping,Comic Shop
5454144b498ec1f095bff2f2,Shopping,Construction & Landscaping
4d954b0ea243a5684a65b473,Shopping,Convenience Store
4bf58dd8d48988d10c951735,Shopping,Cosmetics Shop
52f2ab2ebcbc57f1066b8b17,Shopping,Costume Shop
5032850891d4c4b30a586d62,Shopping,Credit Union
5744ccdfe4b0c0459246b4be,Shopping,Currency Exchange
4bf58dd8d48988d1f6941735,Shopping,Department Store
4bf58dd8d48988d1f4941735,Shopping,Design Studio
52dea92d3cf9994f4e043dbb,Shopping,Discount Store
52f2ab2ebcbc57f1066b8b1a,Shopping,Dive Shop
5745c2e4498e11e7bccabdbd,Shopping,Drugstore
52f2ab2ebcbc57f1066b8b1d,Shopping,Dry Cleaner
5032872391d4c4b30a586d64,Shopping,EV Charging Station
4bf58dd8d48988d122951735,Shopping,Electronics Store
56aa371be4b08b9a8d573554,Shopping,Entertainment Service
5454152e498ef71e2b9132c6,Shopping,Event Service
52f2ab2ebcbc57f1066b8b26,Shopping,Fabric Shop
56aa371be4b08b9a8d573523,Shopping,Film Studio
503287a291d4c4b30a586d65,Shopping,Financial or Legal Service
52f2ab2ebcbc57f1066b8b3a,Shopping,Fireworks Store
52f2ab2ebcbc57f1066b8b16,Shopping,Fishing Store
4bf58dd8d48988d1f7941735,Shopping,Flea Market
56aa371be4b08b9a8d573505,Shopping,Floating Market
4bf58dd8d48988d11b951735,Shopping,Flower Shop
4bf58dd8d48988d1f9941735,Shopping,Food & Drink Shop
5370f356bcbc57f1066c94c2,Shopping,Beer Store
4bf58dd8d48988d11d951735,Shopping,Butcher
4bf58dd8d48988d11e951735,Shopping,Cheese Shop
58daa1558bbb0b01f18ec1ca,Shopping,Dairy Store
4bf58dd8d48988d1fa941735,Shopping,Farmers Market
4bf58dd8d48988d10e951735,Shopping,Fish Market
56aa371be4b08b9a8d573550,Shopping,Food Service
4bf58dd8d48988d1f5941735,Shopping,Gourmet Shop
4bf58dd8d48988d118951735,Shopping,Grocery Store
50aa9e744b90af0d42d5de0e,Shopping,Health Food Store
58daa1558bbb0b01f18ec1e8,Shopping,Kuruyemişçi
4bf58dd8d48988d186941735,Shopping,Liquor Store
52f2ab2ebcbc57f1066b8b45,Shopping,Organic Grocery
56aa371be4b08b9a8d573564,Shopping,Sausage Shop
53e0feef498e5aac066fd8a9,Shopping,Street Food Gathering
52f2ab2ebcbc57f1066b8b46,Shopping,Supermarket
58daa1558bbb0b01f18ec1e5,Shopping,Turşucu
4bf58dd8d48988d119951735,Shopping,Wine Shop
52f2ab2ebcbc57f1066b8b24,Shopping,Frame Store
52f2ab2ebcbc57f1066b8b1c,Shopping,Fruit & Vegetable Store
4bf58dd8d48988d1f8941735,Shopping,Furniture / Home Store
55888a5a498e782e3303b43a,Shopping,Lighting Store
4bf58dd8d48988d18d941735,Shopping,Gaming Cafe
4eb1c0253b7b52c0e1adc2e9,Shopping,Garden Center
4bf58dd8d48988d113951735,Shopping,Gas Station
4bf58dd8d48988d128951735,Shopping,Gift Shop
52f2ab2ebcbc57f1066b8b19,Shopping,Gun Shop
4bf58dd8d48988d112951735,Shopping,Hardware Store
54541900498ea6ccd0202697,Shopping,Health & Beauty Service
52f2ab2ebcbc57f1066b8b2c,Shopping,Herbs & Spices Store
4bf58dd8d48988d1fb941735,Shopping,Hobby Shop
545419b1498ea6ccd0202f58,Shopping,Home Service
50aaa5234b90af0d42d5de12,Shopping,Hunting Supply
52f2ab2ebcbc57f1066b8b36,Shopping,IT Services
58daa1558bbb0b01f18ec1f1,Shopping,Insurance Office
4bf58dd8d48988d1f0941735,Shopping,Internet Cafe
4bf58dd8d48988d111951735,Shopping,Jewelry Store
58daa1558bbb0b01f18ec1b4,Shopping,Kitchen Supply Store
52f2ab2ebcbc57f1066b8b25,Shopping,Knitting Store
52f2ab2ebcbc57f1066b8b33,Shopping,Laundromat
4bf58dd8d48988d1fc941735,Shopping,Laundry Service
52f2ab2ebcbc57f1066b8b3f,Shopping,Lawyer
52f2ab2ebcbc57f1066b8b2b,Shopping,Leather Goods Store
52f2ab2ebcbc57f1066b8b1e,Shopping,Locksmith
52f2ab2ebcbc57f1066b8b38,Shopping,Lottery Retailer
52f2ab2ebcbc57f1066b8b29,Shopping,Luggage Store
52c71aaf3cf9994f4e043d17,Shopping,Marijuana Dispensary
50be8ee891d4fa8dcc7199a7,Shopping,Market
52f2ab2ebcbc57f1066b8b3c,Shopping,Massage Studio
52f2ab2ebcbc57f1066b8b27,Shopping,Mattress Store
58daa1558bbb0b01f18ec206,Shopping,Medical Supply Store
4bf58dd8d48988d1ff941735,Shopping,Miscellaneous Shop
4f04afc02fb6e1c99f3db0bc,Shopping,Mobile Phone Shop
56aa371be4b08b9a8d57354a,Shopping,Mobility Store
5032833091d4c4b30a586d60,Shopping,Motorcycle Shop
59d79d6b2e268052fa2a3332,Shopping,Motorsports Shop
4bf58dd8d48988d1fe941735,Shopping,Music Store
4f04aa0c2fb6e1c99f3db0b8,Shopping,Nail Salon
4f04ad622fb6e1c99f3db0b9,Shopping,Newsstand
5ae95d208a6f17002ce792b2,Shopping,Notary
4d954afda243a5684865b473,Shopping,Optical Shop
52f2ab2ebcbc57f1066b8b2f,Shopping,Other Repair Shop
52f2ab2ebcbc57f1066b8b22,Shopping,Outdoor Supply Store
5744ccdfe4b0c0459246b4df,Shopping,Outlet Mall
52f2ab2ebcbc57f1066b8b35,Shopping,Outlet Store
4bf58dd8d48988d121951735,Shopping,Paper / Office Supplies Store
52f2ab2ebcbc57f1066b8b34,Shopping,Pawn Shop
52f2ab2ebcbc57f1066b8b23,Shopping,Perfume Shop
5032897c91d4c4b30a586d69,Shopping,Pet Service
4bf58dd8d48988d100951735,Shopping,Pet Store
4bf58dd8d48988d10f951735,Shopping,Pharmacy
4eb1bdde3b7b55596b4a7490,Shopping,Photography Lab
554a5e17498efabeda6cc559,Shopping,Photography Studio
52f2ab2ebcbc57f1066b8b20,Shopping,Piercing Parlor
52f2ab2ebcbc57f1066b8b3d,Shopping,Pop-Up Shop
52f2ab2ebcbc57f1066b8b28,Shopping,Print Shop
5744ccdfe4b0c0459246b4c4,Shopping,Public Bathroom
5032885091d4c4b30a586d66,Shopping,Real Estate Office
4bf58dd8d48988d10d951735,Shopping,Record Shop
52f2ab2ebcbc57f1066b8b37,Shopping,Recording Studio
4f4531084b9074f6e4fb0101,Shopping,Recycling Facility
56aa371be4b08b9a8d573552,Shopping,Rental Service
4bf58dd8d48988d110951735,Shopping,Salon / Barbershop
58daa1558bbb0b01f18ec1ae,Shopping,Sauna / Steam Room
52f2ab2ebcbc57f1066b8b1f,Shopping,Shipping Store
52f2ab2ebcbc57f1066b8b39,Shopping,Shoe Repair
4bf58dd8d48988d1fd941735,Shopping,Shopping Mall
5744ccdfe4b0c0459246b4dc,Shopping,Shopping Plaza
5bae9231bedf3950379f89d2,Shopping,Skate Shop
56aa371be4b08b9a8d573566,Shopping,Ski Shop
4bf58dd8d48988d123951735,Shopping,Smoke Shop
52f2ab2ebcbc57f1066b8b41,Shopping,Smoothie Shop
52f2ab2ebcbc57f1066b8b1b,Shopping,Souvenir Shop
4bf58dd8d48988d1ed941735,Shopping,Spa
4bf58dd8d48988d1f2941735,Shopping,Sporting Goods Shop
52f2ab2ebcbc57f1066b8b21,Shopping,Stationery Store
4f04b1572fb6e1c99f3db0bf,Shopping,Storage Facility
5744ccdfe4b0c0459246b4cd,Shopping,Supplement Shop
5032781d91d4c4b30a586d5b,Shopping,Tailor Shop
4d1cf8421a97d635ce361c31,Shopping,Tanning Salon
4bf58dd8d48988d1de931735,Shopping,Tattoo Parlor
4bf58dd8d48988d101951735,Shopping,Thrift / Vintage Store
4bf58dd8d48988d1f3941735,Shopping,Toy / Game Store
4f04b08c2fb6e1c99f3db0bd,Shopping,Travel Agency
52f2ab2ebcbc57f1066b8b30,Shopping,Used Bookstore
56aa371be4b08b9a8d57355c,Shopping,Vape Store
4bf58dd8d48988d10b951735,Shopping,Video Game Store
4bf58dd8d48988d126951735,Shopping,Video Store
52e816a6bcbc57f1066b7a54,Shopping,Warehouse Store
52f2ab2ebcbc57f1066b8b2e,Shopping,Watch Shop
